{"val/best_accuracy":1,"val/loss":8.011090747978805e-06,"train/loss":8.298586908495054e-05,"_runtime":23107.053903846,"val/accuracy":1,"global_step":10000,"_timestamp":1.7757533252682133e+09,"_step":10000,"train/lr":0,"_wandb":{"runtime":23107}}