{"train/lr":0.0031799999999999997,"global_step":53,"_timestamp":1.7757301326061094e+09,"_step":53,"_wandb":{"runtime":117},"_runtime":117.294074648,"train/loss":0.6555700898170471}